﻿<parameters>
  <parameter name="IIS Web Application Name" defaultValue="seaApi" tags="IisApp">
    <parameterEntry kind="ProviderPath" scope="IisApp" match="^C:\\Users\\SQLBI_Agronet\\Documents\\Visual\ Studio\ 2013\\Projects\\AgronetEstadisticasBackend\\AgronetEstadisticas\\obj\\Release\\Package\\PackageTmp$" />
    <parameterEntry kind="ProviderPath" scope="setAcl" match="^C:\\Users\\SQLBI_Agronet\\Documents\\Visual\ Studio\ 2013\\Projects\\AgronetEstadisticasBackend\\AgronetEstadisticas\\obj\\Release\\Package\\PackageTmp$" />
  </parameter>
  <parameter name="AgronetPostgreSQL-Web.config Connection String" defaultValue="server=172.21.12.16;port=5434;user id=usuario_estadisticas;password=@Gr0n3t#;database=agromapas">
    <parameterEntry kind="XmlFile" scope="C:\\Users\\SQLBI_Agronet\\Documents\\Visual\ Studio\ 2013\\Projects\\AgronetEstadisticasBackend\\AgronetEstadisticas\\obj\\Release\\Package\\PackageTmp\\Web\.config$" match="/configuration/connectionStrings/add[@name='AgronetPostgreSQL']/@connectionString" />
  </parameter>
  <parameter name="AgronetSQL-Web.config Connection String" defaultValue="Data Source=tcp:172.21.12.11,1433;User ID=usuario_web_crystal;Password=agronet">
    <parameterEntry kind="XmlFile" scope="C:\\Users\\SQLBI_Agronet\\Documents\\Visual\ Studio\ 2013\\Projects\\AgronetEstadisticasBackend\\AgronetEstadisticas\\obj\\Release\\Package\\PackageTmp\\Web\.config$" match="/configuration/connectionStrings/add[@name='AgronetSQL']/@connectionString" />
  </parameter>
  <parameter name="AgronetSQLAnalysisServicesComercio-Web.config Connection String" defaultValue="Data Source=172.20.52.13; Catalog=BI_ComercioColombia_DW">
    <parameterEntry kind="XmlFile" scope="C:\\Users\\SQLBI_Agronet\\Documents\\Visual\ Studio\ 2013\\Projects\\AgronetEstadisticasBackend\\AgronetEstadisticas\\obj\\Release\\Package\\PackageTmp\\Web\.config$" match="/configuration/connectionStrings/add[@name='AgronetSQLAnalysisServicesComercio']/@connectionString" />
  </parameter>
  <parameter name="AgronetSQLAnalysisServicesCredito-Web.config Connection String" defaultValue="Data Source=172.20.52.13; Catalog=BI_Credito_DW">
    <parameterEntry kind="XmlFile" scope="C:\\Users\\SQLBI_Agronet\\Documents\\Visual\ Studio\ 2013\\Projects\\AgronetEstadisticasBackend\\AgronetEstadisticas\\obj\\Release\\Package\\PackageTmp\\Web\.config$" match="/configuration/connectionStrings/add[@name='AgronetSQLAnalysisServicesCredito']/@connectionString" />
  </parameter>
</parameters>